value,std,pedVal,task,side,roi,type
2.0981,0,0.1,1,1,1,1
1.2877,0,0.1,1,1,1,1
2.7491,0,0.1,1,1,1,1
1.1943,0,0.1,1,1,1,1
3.2668,0,0.1,1,1,1,1
2.2021,0,0.1,1,1,1,1
0.8602,0,0.1,1,1,1,1
2.9607,0,0.1,1,1,1,1
1.1407,0,0.1,1,1,1,1
3.9441,0,0.1,1,1,1,1
3.5852,0,0.1,1,1,1,1
1.4049,0,0.1,1,1,1,1
6.3705,0,0.1,1,1,1,1
1.9999,0,0.1,1,1,1,1
3.7641,0,0.1,1,1,1,1
1.3941,0,0.1,1,1,1,1
4.056,0,0.1,1,1,1,1
1.6857,0,0.1,1,1,1,1
2.1355,0,0.1,1,1,1,1
6.1376,0,0.1,1,1,1,1
1.4522,0,0.1,1,1,1,1
1.3987,0,0.1,1,1,1,1
0.18,0,0.1,1,1,1,1
0.17201,0,0.1,1,1,1,1
-0.08619,0,0.1,1,1,1,1
0.82174,0,0.1,1,1,1,1
4.8262,0,0.1,1,1,1,1
1.1744,0,0.1,1,1,1,1
6.1609,0,0.1,1,1,1,1
1.6866,0,0.1,1,1,1,1
3.8845,0,0.1,1,1,1,1
1.2608,0,0.1,1,1,1,1
4.6118,0,0.1,1,1,1,1
1.1768,0,0.1,1,1,1,1
4.0545,0,0.1,1,1,1,1
3.7311,0,0.1,1,1,1,1
2.0261,0,0.1,1,1,1,1
2.0877,0,0.1,2,1,1,1
1.1632,0,0.1,2,1,1,1
2.7761,0,0.1,2,1,1,1
1.0401,0,0.1,2,1,1,1
2.9276,0,0.1,2,1,1,1
1.9782,0,0.1,2,1,1,1
0.66891,0,0.1,2,1,1,1
2.6157,0,0.1,2,1,1,1
1.0538,0,0.1,2,1,1,1
3.4786,0,0.1,2,1,1,1
2.8623,0,0.1,2,1,1,1
1.254,0,0.1,2,1,1,1
5.7668,0,0.1,2,1,1,1
2.0058,0,0.1,2,1,1,1
3.236,0,0.1,2,1,1,1
1.1008,0,0.1,2,1,1,1
3.7368,0,0.1,2,1,1,1
1.6238,0,0.1,2,1,1,1
1.8875,0,0.1,2,1,1,1
5.8036,0,0.1,2,1,1,1
1.6141,0,0.1,2,1,1,1
1.5005,0,0.1,2,1,1,1
0.36225,0,0.1,2,1,1,1
0.33262,0,0.1,2,1,1,1
-0.032741,0,0.1,2,1,1,1
0.78408,0,0.1,2,1,1,1
4.2783,0,0.1,2,1,1,1
1.2427,0,0.1,2,1,1,1
5.7766,0,0.1,2,1,1,1
1.3554,0,0.1,2,1,1,1
3.4568,0,0.1,2,1,1,1
1.1589,0,0.1,2,1,1,1
4.7072,0,0.1,2,1,1,1
1.2939,0,0.1,2,1,1,1
3.9335,0,0.1,2,1,1,1
3.5553,0,0.1,2,1,1,1
1.8137,0,0.1,2,1,1,1
2.1236,0,0.2,1,1,1,1
1.2692,0,0.2,1,1,1,1
2.7712,0,0.2,1,1,1,1
1.1872,0,0.2,1,1,1,1
3.2004,0,0.2,1,1,1,1
2.1749,0,0.2,1,1,1,1
0.87346,0,0.2,1,1,1,1
2.98,0,0.2,1,1,1,1
1.2271,0,0.2,1,1,1,1
3.6519,0,0.2,1,1,1,1
3.2013,0,0.2,1,1,1,1
1.3143,0,0.2,1,1,1,1
6.0649,0,0.2,1,1,1,1
2.1002,0,0.2,1,1,1,1
3.8292,0,0.2,1,1,1,1
1.0195,0,0.2,1,1,1,1
4.1198,0,0.2,1,1,1,1
1.3953,0,0.2,1,1,1,1
2.079,0,0.2,1,1,1,1
6.069,0,0.2,1,1,1,1
1.5809,0,0.2,1,1,1,1
1.6816,0,0.2,1,1,1,1
0.32135,0,0.2,1,1,1,1
0.42688,0,0.2,1,1,1,1
0.06874,0,0.2,1,1,1,1
0.6869,0,0.2,1,1,1,1
4.6936,0,0.2,1,1,1,1
0.9735,0,0.2,1,1,1,1
6.0892,0,0.2,1,1,1,1
1.4687,0,0.2,1,1,1,1
3.7042,0,0.2,1,1,1,1
1.2912,0,0.2,1,1,1,1
4.3645,0,0.2,1,1,1,1
1.1591,0,0.2,1,1,1,1
4.0302,0,0.2,1,1,1,1
3.7448,0,0.2,1,1,1,1
2.0202,0,0.2,1,1,1,1
2.0915,0,0.2,2,1,1,1
1.2222,0,0.2,2,1,1,1
2.9033,0,0.2,2,1,1,1
1.3013,0,0.2,2,1,1,1
2.9074,0,0.2,2,1,1,1
2.3173,0,0.2,2,1,1,1
0.72208,0,0.2,2,1,1,1
2.9011,0,0.2,2,1,1,1
1.1791,0,0.2,2,1,1,1
3.6622,0,0.2,2,1,1,1
3.2513,0,0.2,2,1,1,1
1.2236,0,0.2,2,1,1,1
6.2017,0,0.2,2,1,1,1
1.992,0,0.2,2,1,1,1
3.3859,0,0.2,2,1,1,1
1.196,0,0.2,2,1,1,1
4.0503,0,0.2,2,1,1,1
1.7118,0,0.2,2,1,1,1
2.028,0,0.2,2,1,1,1
6.413,0,0.2,2,1,1,1
1.7368,0,0.2,2,1,1,1
1.8213,0,0.2,2,1,1,1
0.38029,0,0.2,2,1,1,1
0.34236,0,0.2,2,1,1,1
-0.1183,0,0.2,2,1,1,1
0.67246,0,0.2,2,1,1,1
4.5338,0,0.2,2,1,1,1
1.3397,0,0.2,2,1,1,1
6.3839,0,0.2,2,1,1,1
1.4924,0,0.2,2,1,1,1
3.6735,0,0.2,2,1,1,1
1.2211,0,0.2,2,1,1,1
5.0476,0,0.2,2,1,1,1
1.1814,0,0.2,2,1,1,1
4.3627,0,0.2,2,1,1,1
4.0015,0,0.2,2,1,1,1
2.1696,0,0.2,2,1,1,1
1.8529,0,0.3,1,1,1,1
1.301,0,0.3,1,1,1,1
2.3307,0,0.3,1,1,1,1
1.2075,0,0.3,1,1,1,1
3.1034,0,0.3,1,1,1,1
2.6685,0,0.3,1,1,1,1
0.93774,0,0.3,1,1,1,1
2.7196,0,0.3,1,1,1,1
0.98593,0,0.3,1,1,1,1
3.9392,0,0.3,1,1,1,1
3.808,0,0.3,1,1,1,1
1.4996,0,0.3,1,1,1,1
5.877,0,0.3,1,1,1,1
1.3529,0,0.3,1,1,1,1
3.9172,0,0.3,1,1,1,1
1.5481,0,0.3,1,1,1,1
3.8455,0,0.3,1,1,1,1
1.6208,0,0.3,1,1,1,1
2.0949,0,0.3,1,1,1,1
5.065,0,0.3,1,1,1,1
1.4763,0,0.3,1,1,1,1
1.3804,0,0.3,1,1,1,1
0.079294,0,0.3,1,1,1,1
0.28623,0,0.3,1,1,1,1
-0.0095993,0,0.3,1,1,1,1
0.95965,0,0.3,1,1,1,1
5.0184,0,0.3,1,1,1,1
1.3575,0,0.3,1,1,1,1
5.2458,0,0.3,1,1,1,1
1.8655,0,0.3,1,1,1,1
3.5408,0,0.3,1,1,1,1
1.4247,0,0.3,1,1,1,1
3.7366,0,0.3,1,1,1,1
1.0266,0,0.3,1,1,1,1
3.6854,0,0.3,1,1,1,1
2.8082,0,0.3,1,1,1,1
1.7257,0,0.3,1,1,1,1
1.4524,0,0.3,2,1,1,1
0.68561,0,0.3,2,1,1,1
2.2255,0,0.3,2,1,1,1
0.7272,0,0.3,2,1,1,1
2.7151,0,0.3,2,1,1,1
1.7465,0,0.3,2,1,1,1
0.51062,0,0.3,2,1,1,1
1.8743,0,0.3,2,1,1,1
0.83439,0,0.3,2,1,1,1
3.38,0,0.3,2,1,1,1
2.5466,0,0.3,2,1,1,1
0.66609,0,0.3,2,1,1,1
5.4987,0,0.3,2,1,1,1
1.352,0,0.3,2,1,1,1
3.0035,0,0.3,2,1,1,1
0.65414,0,0.3,2,1,1,1
3.4003,0,0.3,2,1,1,1
1.4033,0,0.3,2,1,1,1
1.9545,0,0.3,2,1,1,1
5.5103,0,0.3,2,1,1,1
1.0291,0,0.3,2,1,1,1
1.0385,0,0.3,2,1,1,1
-0.007808,0,0.3,2,1,1,1
-0.045456,0,0.3,2,1,1,1
-0.22345,0,0.3,2,1,1,1
0.13206,0,0.3,2,1,1,1
3.5645,0,0.3,2,1,1,1
0.75204,0,0.3,2,1,1,1
5.4551,0,0.3,2,1,1,1
1.0193,0,0.3,2,1,1,1
3.3961,0,0.3,2,1,1,1
1.0618,0,0.3,2,1,1,1
3.8505,0,0.3,2,1,1,1
1.0799,0,0.3,2,1,1,1
3.7376,0,0.3,2,1,1,1
3.4955,0,0.3,2,1,1,1
1.7981,0,0.3,2,1,1,1
2.1238,0,0.4,1,1,1,1
1.1648,0,0.4,1,1,1,1
2.5207,0,0.4,1,1,1,1
1.1083,0,0.4,1,1,1,1
2.6925,0,0.4,1,1,1,1
2.0627,0,0.4,1,1,1,1
0.81759,0,0.4,1,1,1,1
2.505,0,0.4,1,1,1,1
1.1833,0,0.4,1,1,1,1
3.2988,0,0.4,1,1,1,1
3.119,0,0.4,1,1,1,1
1.2611,0,0.4,1,1,1,1
5.4902,0,0.4,1,1,1,1
1.857,0,0.4,1,1,1,1
3.38,0,0.4,1,1,1,1
1.0363,0,0.4,1,1,1,1
4.1545,0,0.4,1,1,1,1
1.6434,0,0.4,1,1,1,1
2.2673,0,0.4,1,1,1,1
5.8371,0,0.4,1,1,1,1
1.4897,0,0.4,1,1,1,1
1.4668,0,0.4,1,1,1,1
0.18363,0,0.4,1,1,1,1
0.20366,0,0.4,1,1,1,1
-0.33609,0,0.4,1,1,1,1
0.49899,0,0.4,1,1,1,1
3.9245,0,0.4,1,1,1,1
0.86973,0,0.4,1,1,1,1
5.633,0,0.4,1,1,1,1
1.4833,0,0.4,1,1,1,1
3.6161,0,0.4,1,1,1,1
1.3222,0,0.4,1,1,1,1
4.3043,0,0.4,1,1,1,1
1.2211,0,0.4,1,1,1,1
3.6098,0,0.4,1,1,1,1
3.4064,0,0.4,1,1,1,1
2.1,0,0.4,1,1,1,1
2.1397,0,0.4,2,1,1,1
1.2029,0,0.4,2,1,1,1
2.6502,0,0.4,2,1,1,1
1.3491,0,0.4,2,1,1,1
2.8514,0,0.4,2,1,1,1
2.095,0,0.4,2,1,1,1
0.91478,0,0.4,2,1,1,1
2.8656,0,0.4,2,1,1,1
1.3417,0,0.4,2,1,1,1
3.6075,0,0.4,2,1,1,1
2.991,0,0.4,2,1,1,1
1.4732,0,0.4,2,1,1,1
6.1089,0,0.4,2,1,1,1
2.3192,0,0.4,2,1,1,1
3.4572,0,0.4,2,1,1,1
1.2508,0,0.4,2,1,1,1
3.8361,0,0.4,2,1,1,1
1.757,0,0.4,2,1,1,1
2.0356,0,0.4,2,1,1,1
6.4949,0,0.4,2,1,1,1
1.7268,0,0.4,2,1,1,1
1.9157,0,0.4,2,1,1,1
0.4828,0,0.4,2,1,1,1
0.2109,0,0.4,2,1,1,1
-0.058475,0,0.4,2,1,1,1
0.63319,0,0.4,2,1,1,1
4.3342,0,0.4,2,1,1,1
1.1789,0,0.4,2,1,1,1
6.1633,0,0.4,2,1,1,1
1.4559,0,0.4,2,1,1,1
3.6853,0,0.4,2,1,1,1
1.4572,0,0.4,2,1,1,1
4.9587,0,0.4,2,1,1,1
1.1619,0,0.4,2,1,1,1
4.2636,0,0.4,2,1,1,1
3.7449,0,0.4,2,1,1,1
2.0729,0,0.4,2,1,1,1
2.6369,0,0.6,1,1,1,1
1.407,0,0.6,1,1,1,1
3.61,0,0.6,1,1,1,1
1.5543,0,0.6,1,1,1,1
3.5379,0,0.6,1,1,1,1
2.1933,0,0.6,1,1,1,1
0.40294,0,0.6,1,1,1,1
3.7962,0,0.6,1,1,1,1
1.3005,0,0.6,1,1,1,1
4.3694,0,0.6,1,1,1,1
3.1847,0,0.6,1,1,1,1
1.5645,0,0.6,1,1,1,1
5.5762,0,0.6,1,1,1,1
2.3586,0,0.6,1,1,1,1
4.092,0,0.6,1,1,1,1
1.2117,0,0.6,1,1,1,1
4.6468,0,0.6,1,1,1,1
1.8556,0,0.6,1,1,1,1
2.1366,0,0.6,1,1,1,1
6.8414,0,0.6,1,1,1,1
2.3499,0,0.6,1,1,1,1
1.9546,0,0.6,1,1,1,1
0.21241,0,0.6,1,1,1,1
0.55779,0,0.6,1,1,1,1
0.1885,0,0.6,1,1,1,1
0.74992,0,0.6,1,1,1,1
4.837,0,0.6,1,1,1,1
1.1086,0,0.6,1,1,1,1
6.0259,0,0.6,1,1,1,1
1.5123,0,0.6,1,1,1,1
3.9272,0,0.6,1,1,1,1
1.644,0,0.6,1,1,1,1
4.8439,0,0.6,1,1,1,1
1.2974,0,0.6,1,1,1,1
4.4418,0,0.6,1,1,1,1
3.8043,0,0.6,1,1,1,1
1.9943,0,0.6,1,1,1,1
2.3832,0,0.6,2,1,1,1
1.135,0,0.6,2,1,1,1
3.1679,0,0.6,2,1,1,1
1.457,0,0.6,2,1,1,1
3.1593,0,0.6,2,1,1,1
1.994,0,0.6,2,1,1,1
0.86868,0,0.6,2,1,1,1
3.3345,0,0.6,2,1,1,1
1.3807,0,0.6,2,1,1,1
3.9047,0,0.6,2,1,1,1
3.791,0,0.6,2,1,1,1
1.4493,0,0.6,2,1,1,1
6.3778,0,0.6,2,1,1,1
1.9307,0,0.6,2,1,1,1
4.3088,0,0.6,2,1,1,1
1.1209,0,0.6,2,1,1,1
3.7815,0,0.6,2,1,1,1
1.5903,0,0.6,2,1,1,1
1.9624,0,0.6,2,1,1,1
6.3721,0,0.6,2,1,1,1
1.6017,0,0.6,2,1,1,1
1.5602,0,0.6,2,1,1,1
0.27249,0,0.6,2,1,1,1
0.41968,0,0.6,2,1,1,1
-0.132,0,0.6,2,1,1,1
0.93385,0,0.6,2,1,1,1
5.4075,0,0.6,2,1,1,1
1.3671,0,0.6,2,1,1,1
6.6219,0,0.6,2,1,1,1
1.1477,0,0.6,2,1,1,1
3.5286,0,0.6,2,1,1,1
1.3723,0,0.6,2,1,1,1
4.8325,0,0.6,2,1,1,1
1.2364,0,0.6,2,1,1,1
4.5878,0,0.6,2,1,1,1
3.7742,0,0.6,2,1,1,1
1.9169,0,0.6,2,1,1,1
1.9593,0,0.9,1,1,1,1
1.2404,0,0.9,1,1,1,1
2.404,0,0.9,1,1,1,1
1.1821,0,0.9,1,1,1,1
2.94,0,0.9,1,1,1,1
2.1043,0,0.9,1,1,1,1
0.93189,0,0.9,1,1,1,1
2.832,0,0.9,1,1,1,1
1.0823,0,0.9,1,1,1,1
3.6019,0,0.9,1,1,1,1
3.4382,0,0.9,1,1,1,1
1.5738,0,0.9,1,1,1,1
5.8208,0,0.9,1,1,1,1
1.9428,0,0.9,1,1,1,1
3.7357,0,0.9,1,1,1,1
1.107,0,0.9,1,1,1,1
4.2048,0,0.9,1,1,1,1
1.7838,0,0.9,1,1,1,1
2.2983,0,0.9,1,1,1,1
6.0468,0,0.9,1,1,1,1
1.7797,0,0.9,1,1,1,1
1.5264,0,0.9,1,1,1,1
0.26588,0,0.9,1,1,1,1
0.28649,0,0.9,1,1,1,1
-0.099425,0,0.9,1,1,1,1
0.82037,0,0.9,1,1,1,1
4.9474,0,0.9,1,1,1,1
1.3502,0,0.9,1,1,1,1
6.0411,0,0.9,1,1,1,1
1.4953,0,0.9,1,1,1,1
3.6933,0,0.9,1,1,1,1
1.6084,0,0.9,1,1,1,1
4.8231,0,0.9,1,1,1,1
1.4179,0,0.9,1,1,1,1
4.0501,0,0.9,1,1,1,1
3.4884,0,0.9,1,1,1,1
2.0002,0,0.9,1,1,1,1
0.71914,0,0.9,2,1,1,1
-0.14045,0,0.9,2,1,1,1
0.81442,0,0.9,2,1,1,1
0.62321,0,0.9,2,1,1,1
1.5873,0,0.9,2,1,1,1
1.059,0,0.9,2,1,1,1
0.36325,0,0.9,2,1,1,1
0.70808,0,0.9,2,1,1,1
0.26225,0,0.9,2,1,1,1
1.9629,0,0.9,2,1,1,1
1.8768,0,0.9,2,1,1,1
0.45356,0,0.9,2,1,1,1
2.9771,0,0.9,2,1,1,1
0.53751,0,0.9,2,1,1,1
1.0452,0,0.9,2,1,1,1
1.0296,0,0.9,2,1,1,1
1.7004,0,0.9,2,1,1,1
1.3501,0,0.9,2,1,1,1
0.97729,0,0.9,2,1,1,1
4.1185,0,0.9,2,1,1,1
0.27559,0,0.9,2,1,1,1
0.14252,0,0.9,2,1,1,1
-0.18282,0,0.9,2,1,1,1
-0.08908,0,0.9,2,1,1,1
-0.6259,0,0.9,2,1,1,1
0.39727,0,0.9,2,1,1,1
2.1623,0,0.9,2,1,1,1
0.82748,0,0.9,2,1,1,1
2.9134,0,0.9,2,1,1,1
1.2264,0,0.9,2,1,1,1
2.6276,0,0.9,2,1,1,1
0.12446,0,0.9,2,1,1,1
1.8104,0,0.9,2,1,1,1
0.94395,0,0.9,2,1,1,1
2.4155,0,0.9,2,1,1,1
2.3277,0,0.9,2,1,1,1
0.87997,0,0.9,2,1,1,1
2.1919,0,0.5,1,1,1,1
1.9443,0,0.5,1,1,1,1
2.981,0,0.5,1,1,1,1
1.6318,0,0.5,1,1,1,1
3.3867,0,0.5,1,1,1,1
2.6765,0,0.5,1,1,1,1
0.99067,0,0.5,1,1,1,1
2.6395,0,0.5,1,1,1,1
1.3897,0,0.5,1,1,1,1
3.532,0,0.5,1,1,1,1
3.2992,0,0.5,1,1,1,1
1.5292,0,0.5,1,1,1,1
5.7582,0,0.5,1,1,1,1
2.0836,0,0.5,1,1,1,1
3.4821,0,0.5,1,1,1,1
1.2824,0,0.5,1,1,1,1
4.5644,0,0.5,1,1,1,1
1.873,0,0.5,1,1,1,1
2.6337,0,0.5,1,1,1,1
6.3613,0,0.5,1,1,1,1
2.0401,0,0.5,1,1,1,1
2.1319,0,0.5,1,1,1,1
0.73666,0,0.5,1,1,1,1
0.21284,0,0.5,1,1,1,1
0.042684,0,0.5,1,1,1,1
0.79891,0,0.5,1,1,1,1
4.1479,0,0.5,1,1,1,1
1.1776,0,0.5,1,1,1,1
5.6286,0,0.5,1,1,1,1
1.6066,0,0.5,1,1,1,1
4.008,0,0.5,1,1,1,1
0.98161,0,0.5,1,1,1,1
4.1582,0,0.5,1,1,1,1
1.1926,0,0.5,1,1,1,1
3.6884,0,0.5,1,1,1,1
3.6867,0,0.5,1,1,1,1
2.6418,0,0.5,1,1,1,1
2.5209,0,0.5,2,1,1,1
1.4167,0,0.5,2,1,1,1
3.2925,0,0.5,2,1,1,1
0.76072,0,0.5,2,1,1,1
3.0777,0,0.5,2,1,1,1
2.3896,0,0.5,2,1,1,1
0.98785,0,0.5,2,1,1,1
3.1586,0,0.5,2,1,1,1
1.136,0,0.5,2,1,1,1
3.8841,0,0.5,2,1,1,1
3.0967,0,0.5,2,1,1,1
1.3144,0,0.5,2,1,1,1
6.7695,0,0.5,2,1,1,1
2.0192,0,0.5,2,1,1,1
3.7215,0,0.5,2,1,1,1
1.5026,0,0.5,2,1,1,1
4.1797,0,0.5,2,1,1,1
1.6711,0,0.5,2,1,1,1
2.1156,0,0.5,2,1,1,1
7.1939,0,0.5,2,1,1,1
1.7086,0,0.5,2,1,1,1
1.9883,0,0.5,2,1,1,1
0.38057,0,0.5,2,1,1,1
0.43107,0,0.5,2,1,1,1
-0.11855,0,0.5,2,1,1,1
0.85239,0,0.5,2,1,1,1
4.9653,0,0.5,2,1,1,1
1.0479,0,0.5,2,1,1,1
6.9969,0,0.5,2,1,1,1
1.665,0,0.5,2,1,1,1
4.2996,0,0.5,2,1,1,1
1.2639,0,0.5,2,1,1,1
5.6136,0,0.5,2,1,1,1
1.3269,0,0.5,2,1,1,1
4.7673,0,0.5,2,1,1,1
4.4604,0,0.5,2,1,1,1
2.277,0,0.5,2,1,1,1
2.2659,0,0.8,1,1,1,1
1.8482,0,0.8,1,1,1,1
3.4641,0,0.8,1,1,1,1
1.2579,0,0.8,1,1,1,1
3.0018,0,0.8,1,1,1,1
2.9465,0,0.8,1,1,1,1
1.0136,0,0.8,1,1,1,1
2.823,0,0.8,1,1,1,1
1.0948,0,0.8,1,1,1,1
3.7522,0,0.8,1,1,1,1
3.4165,0,0.8,1,1,1,1
1.5817,0,0.8,1,1,1,1
6.1342,0,0.8,1,1,1,1
2.6422,0,0.8,1,1,1,1
3.7352,0,0.8,1,1,1,1
0.95572,0,0.8,1,1,1,1
5.2029,0,0.8,1,1,1,1
1.8329,0,0.8,1,1,1,1
2.8554,0,0.8,1,1,1,1
6.5497,0,0.8,1,1,1,1
2.1226,0,0.8,1,1,1,1
2.113,0,0.8,1,1,1,1
0.68961,0,0.8,1,1,1,1
0.56177,0,0.8,1,1,1,1
0.053482,0,0.8,1,1,1,1
0.3614,0,0.8,1,1,1,1
4.3756,0,0.8,1,1,1,1
0.86032,0,0.8,1,1,1,1
6.7433,0,0.8,1,1,1,1
1.5161,0,0.8,1,1,1,1
3.8584,0,0.8,1,1,1,1
1.6079,0,0.8,1,1,1,1
4.726,0,0.8,1,1,1,1
1.3774,0,0.8,1,1,1,1
4.2974,0,0.8,1,1,1,1
4.2276,0,0.8,1,1,1,1
2.1916,0,0.8,1,1,1,1
1.8608,0,0.8,2,1,1,1
0.96591,0,0.8,2,1,1,1
2.7591,0,0.8,2,1,1,1
1.4031,0,0.8,2,1,1,1
2.8663,0,0.8,2,1,1,1
2.3592,0,0.8,2,1,1,1
0.96017,0,0.8,2,1,1,1
2.7323,0,0.8,2,1,1,1
1.317,0,0.8,2,1,1,1
3.794,0,0.8,2,1,1,1
3.4439,0,0.8,2,1,1,1
1.2504,0,0.8,2,1,1,1
6.407,0,0.8,2,1,1,1
1.8515,0,0.8,2,1,1,1
3.3967,0,0.8,2,1,1,1
1.3231,0,0.8,2,1,1,1
3.4948,0,0.8,2,1,1,1
2.0666,0,0.8,2,1,1,1
1.7592,0,0.8,2,1,1,1
6.1406,0,0.8,2,1,1,1
1.206,0,0.8,2,1,1,1
1.3522,0,0.8,2,1,1,1
0.35773,0,0.8,2,1,1,1
0.13919,0,0.8,2,1,1,1
0.020486,0,0.8,2,1,1,1
0.44059,0,0.8,2,1,1,1
3.8868,0,0.8,2,1,1,1
1.2999,0,0.8,2,1,1,1
5.9153,0,0.8,2,1,1,1
1.881,0,0.8,2,1,1,1
3.9858,0,0.8,2,1,1,1
0.9257,0,0.8,2,1,1,1
4.0561,0,0.8,2,1,1,1
0.96284,0,0.8,2,1,1,1
4.0772,0,0.8,2,1,1,1
3.7574,0,0.8,2,1,1,1
2.3423,0,0.8,2,1,1,1
2.1789,0,0,2,1,1,1
1.6402,0,0,2,1,1,1
3.5196,0,0,2,1,1,1
1.3239,0,0,2,1,1,1
3.1658,0,0,2,1,1,1
2.6633,0,0,2,1,1,1
0.77703,0,0,2,1,1,1
3.4921,0,0,2,1,1,1
1.6268,0,0,2,1,1,1
3.9751,0,0,2,1,1,1
3.871,0,0,2,1,1,1
1.4923,0,0,2,1,1,1
7.2384,0,0,2,1,1,1
2.8031,0,0,2,1,1,1
4.1734,0,0,2,1,1,1
1.1507,0,0,2,1,1,1
4.2067,0,0,2,1,1,1
1.9098,0,0,2,1,1,1
2.3299,0,0,2,1,1,1
7.2974,0,0,2,1,1,1
1.7946,0,0,2,1,1,1
2.1362,0,0,2,1,1,1
0.80754,0,0,2,1,1,1
0.48672,0,0,2,1,1,1
0.077407,0,0,2,1,1,1
0.97106,0,0,2,1,1,1
5.211,0,0,2,1,1,1
1.2289,0,0,2,1,1,1
6.7706,0,0,2,1,1,1
1.7003,0,0,2,1,1,1
4.3485,0,0,2,1,1,1
1.7578,0,0,2,1,1,1
5.1162,0,0,2,1,1,1
1.2647,0,0,2,1,1,1
5.0079,0,0,2,1,1,1
4.4634,0,0,2,1,1,1
2.5616,0,0,2,1,1,1
2.5649,0,0.7,2,1,1,1
1.6931,0,0.7,2,1,1,1
3.0699,0,0.7,2,1,1,1
1.3899,0,0.7,2,1,1,1
2.946,0,0.7,2,1,1,1
2.3354,0,0.7,2,1,1,1
1.019,0,0.7,2,1,1,1
2.9898,0,0.7,2,1,1,1
1.6377,0,0.7,2,1,1,1
3.4778,0,0.7,2,1,1,1
2.8312,0,0.7,2,1,1,1
1.7336,0,0.7,2,1,1,1
5.9945,0,0.7,2,1,1,1
2.912,0,0.7,2,1,1,1
4.1792,0,0.7,2,1,1,1
1.3073,0,0.7,2,1,1,1
3.7279,0,0.7,2,1,1,1
1.9918,0,0.7,2,1,1,1
1.9213,0,0.7,2,1,1,1
6.9979,0,0.7,2,1,1,1
1.887,0,0.7,2,1,1,1
2.321,0,0.7,2,1,1,1
0.70384,0,0.7,2,1,1,1
0.65221,0,0.7,2,1,1,1
0.28214,0,0.7,2,1,1,1
0.61285,0,0.7,2,1,1,1
4.6621,0,0.7,2,1,1,1
1.5489,0,0.7,2,1,1,1
5.688,0,0.7,2,1,1,1
1.7506,0,0.7,2,1,1,1
4.0318,0,0.7,2,1,1,1
1.4006,0,0.7,2,1,1,1
4.7628,0,0.7,2,1,1,1
1.0739,0,0.7,2,1,1,1
4.362,0,0.7,2,1,1,1
3.6968,0,0.7,2,1,1,1
2.2604,0,0.7,2,1,1,1
1.5976,0,0.1,1,1,2,1
0.79792,0,0.1,1,1,2,1
0.51649,0,0.1,1,1,2,1
1.7593,0,0.1,1,1,2,1
1.186,0,0.1,1,1,2,1
0.74426,0,0.1,1,1,2,1
2.6952,0,0.1,1,1,2,1
1.1679,0,0.1,1,1,2,1
1.3629,0,0.1,1,1,2,1
0.95749,0,0.1,1,1,2,1
3.2915,0,0.1,1,1,2,1
0.73177,0,0.1,1,1,2,1
0.20417,0,0.1,1,1,2,1
1.4734,0,0.1,2,1,2,1
0.90148,0,0.1,2,1,2,1
0.45721,0,0.1,2,1,2,1
1.6587,0,0.1,2,1,2,1
1.2076,0,0.1,2,1,2,1
0.6179,0,0.1,2,1,2,1
2.7517,0,0.1,2,1,2,1
1.4224,0,0.1,2,1,2,1
1.4014,0,0.1,2,1,2,1
0.89092,0,0.1,2,1,2,1
2.9499,0,0.1,2,1,2,1
0.98694,0,0.1,2,1,2,1
0.69009,0,0.1,2,1,2,1
1.4864,0,0.2,1,1,2,1
0.69914,0,0.2,1,1,2,1
0.2844,0,0.2,1,1,2,1
1.7085,0,0.2,1,1,2,1
1.0554,0,0.2,1,1,2,1
0.638,0,0.2,1,1,2,1
2.6385,0,0.2,1,1,2,1
1.1007,0,0.2,1,1,2,1
1.3126,0,0.2,1,1,2,1
0.98376,0,0.2,1,1,2,1
3.2144,0,0.2,1,1,2,1
0.83895,0,0.2,1,1,2,1
0.35859,0,0.2,1,1,2,1
1.7842,0,0.2,2,1,2,1
1.1113,0,0.2,2,1,2,1
0.50867,0,0.2,2,1,2,1
2.0492,0,0.2,2,1,2,1
1.3206,0,0.2,2,1,2,1
1.1105,0,0.2,2,1,2,1
3.0088,0,0.2,2,1,2,1
1.483,0,0.2,2,1,2,1
1.4031,0,0.2,2,1,2,1
0.88878,0,0.2,2,1,2,1
3.1934,0,0.2,2,1,2,1
1.1241,0,0.2,2,1,2,1
0.46144,0,0.2,2,1,2,1
1.6335,0,0.3,1,1,2,1
0.86145,0,0.3,1,1,2,1
0.57169,0,0.3,1,1,2,1
1.9643,0,0.3,1,1,2,1
1.2512,0,0.3,1,1,2,1
0.6745,0,0.3,1,1,2,1
2.9655,0,0.3,1,1,2,1
1.2024,0,0.3,1,1,2,1
1.4172,0,0.3,1,1,2,1
1.0789,0,0.3,1,1,2,1
3.3052,0,0.3,1,1,2,1
0.95032,0,0.3,1,1,2,1
0.63406,0,0.3,1,1,2,1
1.067,0,0.3,2,1,2,1
0.54912,0,0.3,2,1,2,1
0.49579,0,0.3,2,1,2,1
1.4361,0,0.3,2,1,2,1
1.0034,0,0.3,2,1,2,1
0.52282,0,0.3,2,1,2,1
2.0542,0,0.3,2,1,2,1
0.99445,0,0.3,2,1,2,1
0.94779,0,0.3,2,1,2,1
0.87899,0,0.3,2,1,2,1
2.5459,0,0.3,2,1,2,1
0.99698,0,0.3,2,1,2,1
0.76837,0,0.3,2,1,2,1
1.8402,0,0.4,1,1,2,1
0.94394,0,0.4,1,1,2,1
0.49811,0,0.4,1,1,2,1
2.0092,0,0.4,1,1,2,1
1.0867,0,0.4,1,1,2,1
0.66113,0,0.4,1,1,2,1
2.9029,0,0.4,1,1,2,1
1.3458,0,0.4,1,1,2,1
1.4817,0,0.4,1,1,2,1
1.0284,0,0.4,1,1,2,1
3.4314,0,0.4,1,1,2,1
0.70846,0,0.4,1,1,2,1
0.34608,0,0.4,1,1,2,1
1.4877,0,0.4,2,1,2,1
1.057,0,0.4,2,1,2,1
0.5961,0,0.4,2,1,2,1
2.046,0,0.4,2,1,2,1
1.3262,0,0.4,2,1,2,1
0.75923,0,0.4,2,1,2,1
2.9418,0,0.4,2,1,2,1
1.3249,0,0.4,2,1,2,1
1.1601,0,0.4,2,1,2,1
0.87406,0,0.4,2,1,2,1
3.2797,0,0.4,2,1,2,1
1.0701,0,0.4,2,1,2,1
0.73211,0,0.4,2,1,2,1
1.514,0,0.6,1,1,2,1
1.4224,0,0.6,1,1,2,1
0.63484,0,0.6,1,1,2,1
2.1021,0,0.6,1,1,2,1
1.259,0,0.6,1,1,2,1
0.56938,0,0.6,1,1,2,1
3.6713,0,0.6,1,1,2,1
1.6974,0,0.6,1,1,2,1
2.0432,0,0.6,1,1,2,1
1.0366,0,0.6,1,1,2,1
4.1184,0,0.6,1,1,2,1
1.1963,0,0.6,1,1,2,1
0.6277,0,0.6,1,1,2,1
1.6723,0,0.6,2,1,2,1
1.1138,0,0.6,2,1,2,1
0.55738,0,0.6,2,1,2,1
2.048,0,0.6,2,1,2,1
1.1897,0,0.6,2,1,2,1
0.84581,0,0.6,2,1,2,1
3.0757,0,0.6,2,1,2,1
1.2057,0,0.6,2,1,2,1
1.5491,0,0.6,2,1,2,1
1.1008,0,0.6,2,1,2,1
3.709,0,0.6,2,1,2,1
1.0342,0,0.6,2,1,2,1
0.88382,0,0.6,2,1,2,1
1.7567,0,0.9,1,1,2,1
0.83384,0,0.9,1,1,2,1
0.40224,0,0.9,1,1,2,1
2.4757,0,0.9,1,1,2,1
1.336,0,0.9,1,1,2,1
0.66241,0,0.9,1,1,2,1
3.4501,0,0.9,1,1,2,1
1.6389,0,0.9,1,1,2,1
1.7437,0,0.9,1,1,2,1
1.272,0,0.9,1,1,2,1
3.7607,0,0.9,1,1,2,1
0.83617,0,0.9,1,1,2,1
0.31073,0,0.9,1,1,2,1
2.1961,0,0.9,2,1,2,1
0.83804,0,0.9,2,1,2,1
0.54634,0,0.9,2,1,2,1
1.5464,0,0.9,2,1,2,1
1.7468,0,0.9,2,1,2,1
0.69517,0,0.9,2,1,2,1
3.0301,0,0.9,2,1,2,1
1.9781,0,0.9,2,1,2,1
1.7087,0,0.9,2,1,2,1
0.95777,0,0.9,2,1,2,1
2.8479,0,0.9,2,1,2,1
0.68527,0,0.9,2,1,2,1
0.46511,0,0.9,2,1,2,1
1.8701,0,0.5,1,1,2,1
0.85713,0,0.5,1,1,2,1
0.3379,0,0.5,1,1,2,1
2.1835,0,0.5,1,1,2,1
1.1723,0,0.5,1,1,2,1
0.99151,0,0.5,1,1,2,1
2.9082,0,0.5,1,1,2,1
1.1748,0,0.5,1,1,2,1
1.3378,0,0.5,1,1,2,1
0.71583,0,0.5,1,1,2,1
3.5179,0,0.5,1,1,2,1
0.79271,0,0.5,1,1,2,1
0.2811,0,0.5,1,1,2,1
1.7079,0,0.5,2,1,2,1
0.99653,0,0.5,2,1,2,1
0.34625,0,0.5,2,1,2,1
2.1781,0,0.5,2,1,2,1
1.1901,0,0.5,2,1,2,1
0.68933,0,0.5,2,1,2,1
3.4492,0,0.5,2,1,2,1
1.3034,0,0.5,2,1,2,1
1.249,0,0.5,2,1,2,1
0.7008,0,0.5,2,1,2,1
4.2717,0,0.5,2,1,2,1
1.1856,0,0.5,2,1,2,1
0.68721,0,0.5,2,1,2,1
1.5731,0,0.8,1,1,2,1
1.0583,0,0.8,1,1,2,1
0.48211,0,0.8,1,1,2,1
2.3244,0,0.8,1,1,2,1
1.4573,0,0.8,1,1,2,1
0.58062,0,0.8,1,1,2,1
3.6374,0,0.8,1,1,2,1
1.4935,0,0.8,1,1,2,1
1.6399,0,0.8,1,1,2,1
0.67623,0,0.8,1,1,2,1
4.1826,0,0.8,1,1,2,1
0.87677,0,0.8,1,1,2,1
0.60382,0,0.8,1,1,2,1
1.7617,0,0.8,2,1,2,1
1.0328,0,0.8,2,1,2,1
0.55413,0,0.8,2,1,2,1
2.1505,0,0.8,2,1,2,1
1.2392,0,0.8,2,1,2,1
0.79058,0,0.8,2,1,2,1
3.3016,0,0.8,2,1,2,1
1.8323,0,0.8,2,1,2,1
1.3033,0,0.8,2,1,2,1
0.99699,0,0.8,2,1,2,1
3.8172,0,0.8,2,1,2,1
1.2003,0,0.8,2,1,2,1
0.19247,0,0.8,2,1,2,1
1.6725,0,0,2,1,2,1
1.0311,0,0,2,1,2,1
0.36018,0,0,2,1,2,1
2.1725,0,0,2,1,2,1
1.1743,0,0,2,1,2,1
0.64911,0,0,2,1,2,1
3.1549,0,0,2,1,2,1
1.5437,0,0,2,1,2,1
1.3862,0,0,2,1,2,1
0.88263,0,0,2,1,2,1
3.1462,0,0,2,1,2,1
1.1236,0,0,2,1,2,1
0.85633,0,0,2,1,2,1
2.035,0,0.7,2,1,2,1
1.1707,0,0.7,2,1,2,1
0.36068,0,0.7,2,1,2,1
2.5002,0,0.7,2,1,2,1
1.6293,0,0.7,2,1,2,1
1.0182,0,0.7,2,1,2,1
3.0937,0,0.7,2,1,2,1
1.8777,0,0.7,2,1,2,1
1.38,0,0.7,2,1,2,1
0.89082,0,0.7,2,1,2,1
2.9258,0,0.7,2,1,2,1
0.9353,0,0.7,2,1,2,1
0.10356,0,0.7,2,1,2,1
2.0213,0,0.6,1,1,1,2
1.2792,0,0.6,1,1,1,2
2.7587,0,0.6,1,1,1,2
1.2056,0,0.6,1,1,1,2
3.2828,0,0.6,1,1,1,2
2.1507,0,0.6,1,1,1,2
0.8603,0,0.6,1,1,1,2
2.9848,0,0.6,1,1,1,2
1.1821,0,0.6,1,1,1,2
3.8629,0,0.6,1,1,1,2
3.4638,0,0.6,1,1,1,2
1.4151,0,0.6,1,1,1,2
5.9048,0,0.6,1,1,1,2
1.8485,0,0.6,1,1,1,2
3.8342,0,0.6,1,1,1,2
1.303,0,0.6,1,1,1,2
3.9766,0,0.6,1,1,1,2
1.5816,0,0.6,1,1,1,2
2.0361,0,0.6,1,1,1,2
5.8565,0,0.6,1,1,1,2
1.4955,0,0.6,1,1,1,2
1.4473,0,0.6,1,1,1,2
0.14371,0,0.6,1,1,1,2
0.27143,0,0.6,1,1,1,2
0.012853,0,0.6,1,1,1,2
0.83358,0,0.6,1,1,1,2
4.8629,0,0.6,1,1,1,2
1.1914,0,0.6,1,1,1,2
5.8562,0,0.6,1,1,1,2
1.5211,0,0.6,1,1,1,2
3.5967,0,0.6,1,1,1,2
1.3467,0,0.6,1,1,1,2
4.3258,0,0.6,1,1,1,2
1.2298,0,0.6,1,1,1,2
4.0071,0,0.6,1,1,1,2
3.4383,0,0.6,1,1,1,2
1.8792,0,0.6,1,1,1,2
2.0215,0,0.6,2,1,1,2
1.134,0,0.6,2,1,1,2
2.6495,0,0.6,2,1,1,2
1.0369,0,0.6,2,1,1,2
2.8387,0,0.6,2,1,1,2
1.936,0,0.6,2,1,1,2
0.80687,0,0.6,2,1,1,2
2.6688,0,0.6,2,1,1,2
1.0814,0,0.6,2,1,1,2
3.5016,0,0.6,2,1,1,2
2.9642,0,0.6,2,1,1,2
1.2139,0,0.6,2,1,1,2
5.9934,0,0.6,2,1,1,2
1.8897,0,0.6,2,1,1,2
3.2921,0,0.6,2,1,1,2
1.1435,0,0.6,2,1,1,2
3.7971,0,0.6,2,1,1,2
1.5523,0,0.6,2,1,1,2
1.9005,0,0.6,2,1,1,2
5.9711,0,0.6,2,1,1,2
1.5682,0,0.6,2,1,1,2
1.5606,0,0.6,2,1,1,2
0.25336,0,0.6,2,1,1,2
0.30567,0,0.6,2,1,1,2
-0.10556,0,0.6,2,1,1,2
0.72076,0,0.6,2,1,1,2
4.3391,0,0.6,2,1,1,2
1.1987,0,0.6,2,1,1,2
5.9093,0,0.6,2,1,1,2
1.3928,0,0.6,2,1,1,2
3.4768,0,0.6,2,1,1,2
1.2379,0,0.6,2,1,1,2
4.8276,0,0.6,2,1,1,2
1.2293,0,0.6,2,1,1,2
4.0398,0,0.6,2,1,1,2
3.6691,0,0.6,2,1,1,2
1.8612,0,0.6,2,1,1,2
2.423,0,0.7,1,1,1,2
1.2023,0,0.7,1,1,1,2
3.1099,0,0.7,1,1,1,2
1.4632,0,0.7,1,1,1,2
3.6115,0,0.7,1,1,1,2
2.3847,0,0.7,1,1,1,2
1.101,0,0.7,1,1,1,2
3.2941,0,0.7,1,1,1,2
1.0882,0,0.7,1,1,1,2
4.458,0,0.7,1,1,1,2
3.7646,0,0.7,1,1,1,2
1.8761,0,0.7,1,1,1,2
6.911,0,0.7,1,1,1,2
2.1409,0,0.7,1,1,1,2
4.1872,0,0.7,1,1,1,2
1.3327,0,0.7,1,1,1,2
4.653,0,0.7,1,1,1,2
1.837,0,0.7,1,1,1,2
2.679,0,0.7,1,1,1,2
6.4714,0,0.7,1,1,1,2
2.0927,0,0.7,1,1,1,2
1.6876,0,0.7,1,1,1,2
0.19696,0,0.7,1,1,1,2
0.44608,0,0.7,1,1,1,2
0.052918,0,0.7,1,1,1,2
0.90789,0,0.7,1,1,1,2
5.4761,0,0.7,1,1,1,2
1.3565,0,0.7,1,1,1,2
6.7245,0,0.7,1,1,1,2
1.7197,0,0.7,1,1,1,2
4.0859,0,0.7,1,1,1,2
1.5682,0,0.7,1,1,1,2
5.1173,0,0.7,1,1,1,2
1.4091,0,0.7,1,1,1,2
4.5334,0,0.7,1,1,1,2
3.8004,0,0.7,1,1,1,2
2.0239,0,0.7,1,1,1,2
2.7964,0,0.7,2,1,1,2
1.2441,0,0.7,2,1,1,2
3.4664,0,0.7,2,1,1,2
1.6594,0,0.7,2,1,1,2
3.4242,0,0.7,2,1,1,2
2.4672,0,0.7,2,1,1,2
0.75891,0,0.7,2,1,1,2
3.4648,0,0.7,2,1,1,2
1.6336,0,0.7,2,1,1,2
4.1976,0,0.7,2,1,1,2
3.4856,0,0.7,2,1,1,2
1.733,0,0.7,2,1,1,2
7.0176,0,0.7,2,1,1,2
2.6203,0,0.7,2,1,1,2
4.1671,0,0.7,2,1,1,2
1.3714,0,0.7,2,1,1,2
4.4588,0,0.7,2,1,1,2
1.8822,0,0.7,2,1,1,2
1.9956,0,0.7,2,1,1,2
7.4927,0,0.7,2,1,1,2
2.1204,0,0.7,2,1,1,2
2.1302,0,0.7,2,1,1,2
0.43351,0,0.7,2,1,1,2
0.69546,0,0.7,2,1,1,2
0.11699,0,0.7,2,1,1,2
0.87554,0,0.7,2,1,1,2
5.6431,0,0.7,2,1,1,2
1.3854,0,0.7,2,1,1,2
7.8414,0,0.7,2,1,1,2
1.514,0,0.7,2,1,1,2
4.1429,0,0.7,2,1,1,2
1.5432,0,0.7,2,1,1,2
6.1269,0,0.7,2,1,1,2
1.5271,0,0.7,2,1,1,2
4.9557,0,0.7,2,1,1,2
4.5374,0,0.7,2,1,1,2
2.38,0,0.7,2,1,1,2
2.1972,0,0.8,1,1,1,2
1.6053,0,0.8,1,1,1,2
3.1813,0,0.8,1,1,1,2
1.2405,0,0.8,1,1,1,2
3.1404,0,0.8,1,1,1,2
2.6582,0,0.8,1,1,1,2
0.8294,0,0.8,1,1,1,2
3.23,0,0.8,1,1,1,2
1.361,0,0.8,1,1,1,2
3.8194,0,0.8,1,1,1,2
3.6791,0,0.8,1,1,1,2
1.3083,0,0.8,1,1,1,2
6.4783,0,0.8,1,1,1,2
2.3041,0,0.8,1,1,1,2
4.0699,0,0.8,1,1,1,2
1.1501,0,0.8,1,1,1,2
4.8985,0,0.8,1,1,1,2
1.6241,0,0.8,1,1,1,2
2.7281,0,0.8,1,1,1,2
6.825,0,0.8,1,1,1,2
1.9598,0,0.8,1,1,1,2
1.8776,0,0.8,1,1,1,2
0.37102,0,0.8,1,1,1,2
0.40329,0,0.8,1,1,1,2
-0.050179,0,0.8,1,1,1,2
0.61032,0,0.8,1,1,1,2
4.7146,0,0.8,1,1,1,2
1.0514,0,0.8,1,1,1,2
6.5602,0,0.8,1,1,1,2
1.5082,0,0.8,1,1,1,2
3.9782,0,0.8,1,1,1,2
1.5646,0,0.8,1,1,1,2
4.99,0,0.8,1,1,1,2
1.3351,0,0.8,1,1,1,2
4.2493,0,0.8,1,1,1,2
3.9592,0,0.8,1,1,1,2
2.384,0,0.8,1,1,1,2
2.2995,0,0.8,2,1,1,2
1.4425,0,0.8,2,1,1,2
3.2133,0,0.8,2,1,1,2
1.4626,0,0.8,2,1,1,2
3.0405,0,0.8,2,1,1,2
2.6289,0,0.8,2,1,1,2
0.95639,0,0.8,2,1,1,2
3.0852,0,0.8,2,1,1,2
1.5253,0,0.8,2,1,1,2
3.9958,0,0.8,2,1,1,2
3.5877,0,0.8,2,1,1,2
1.3786,0,0.8,2,1,1,2
6.4571,0,0.8,2,1,1,2
2.2476,0,0.8,2,1,1,2
3.6968,0,0.8,2,1,1,2
1.3486,0,0.8,2,1,1,2
4.2008,0,0.8,2,1,1,2
1.7075,0,0.8,2,1,1,2
2.2728,0,0.8,2,1,1,2
7.1957,0,0.8,2,1,1,2
1.7067,0,0.8,2,1,1,2
1.9682,0,0.8,2,1,1,2
0.41365,0,0.8,2,1,1,2
0.24212,0,0.8,2,1,1,2
-0.12585,0,0.8,2,1,1,2
0.89918,0,0.8,2,1,1,2
4.713,0,0.8,2,1,1,2
1.5789,0,0.8,2,1,1,2
6.5883,0,0.8,2,1,1,2
1.7126,0,0.8,2,1,1,2
4.2503,0,0.8,2,1,1,2
1.4852,0,0.8,2,1,1,2
5.0929,0,0.8,2,1,1,2
1.3738,0,0.8,2,1,1,2
4.7471,0,0.8,2,1,1,2
3.974,0,0.8,2,1,1,2
2.3287,0,0.8,2,1,1,2
1.9089,0,0.9,1,1,1,2
1.1424,0,0.9,1,1,1,2
2.5154,0,0.9,1,1,1,2
1.2368,0,0.9,1,1,1,2
2.6561,0,0.9,1,1,1,2
2.3928,0,0.9,1,1,1,2
0.72845,0,0.9,1,1,1,2
2.3638,0,0.9,1,1,1,2
1.2271,0,0.9,1,1,1,2
3.608,0,0.9,1,1,1,2
2.955,0,0.9,1,1,1,2
1.5645,0,0.9,1,1,1,2
6.6119,0,0.9,1,1,1,2
2.2602,0,0.9,1,1,1,2
3.1275,0,0.9,1,1,1,2
1.14,0,0.9,1,1,1,2
4.5834,0,0.9,1,1,1,2
2.1097,0,0.9,1,1,1,2
2.4697,0,0.9,1,1,1,2
6.9513,0,0.9,1,1,1,2
1.3247,0,0.9,1,1,1,2
1.587,0,0.9,1,1,1,2
0.23027,0,0.9,1,1,1,2
0.23833,0,0.9,1,1,1,2
-0.23541,0,0.9,1,1,1,2
0.25438,0,0.9,1,1,1,2
4.1826,0,0.9,1,1,1,2
0.87189,0,0.9,1,1,1,2
7.0166,0,0.9,1,1,1,2
1.7306,0,0.9,1,1,1,2
4.3521,0,0.9,1,1,1,2
1.4515,0,0.9,1,1,1,2
5.0057,0,0.9,1,1,1,2
1.2411,0,0.9,1,1,1,2
4.1869,0,0.9,1,1,1,2
3.9829,0,0.9,1,1,1,2
2.1687,0,0.9,1,1,1,2
2.248,0,0.9,2,1,1,2
1.3638,0,0.9,2,1,1,2
3.1951,0,0.9,2,1,1,2
1.1361,0,0.9,2,1,1,2
3.5492,0,0.9,2,1,1,2
2.453,0,0.9,2,1,1,2
1.0799,0,0.9,2,1,1,2
3.3801,0,0.9,2,1,1,2
1.1777,0,0.9,2,1,1,2
4.3892,0,0.9,2,1,1,2
4.3054,0,0.9,2,1,1,2
1.5518,0,0.9,2,1,1,2
7.1594,0,0.9,2,1,1,2
2.0555,0,0.9,2,1,1,2
4.5609,0,0.9,2,1,1,2
1.4803,0,0.9,2,1,1,2
4.2833,0,0.9,2,1,1,2
1.8318,0,0.9,2,1,1,2
2.1397,0,0.9,2,1,1,2
6.596,0,0.9,2,1,1,2
1.2312,0,0.9,2,1,1,2
1.4073,0,0.9,2,1,1,2
0.28828,0,0.9,2,1,1,2
0.36184,0,0.9,2,1,1,2
-0.013746,0,0.9,2,1,1,2
1.335,0,0.9,2,1,1,2
6.1404,0,0.9,2,1,1,2
1.7145,0,0.9,2,1,1,2
7.3706,0,0.9,2,1,1,2
1.8819,0,0.9,2,1,1,2
4.183,0,0.9,2,1,1,2
1.3218,0,0.9,2,1,1,2
4.7461,0,0.9,2,1,1,2
1.0871,0,0.9,2,1,1,2
4.8087,0,0.9,2,1,1,2
3.6106,0,0.9,2,1,1,2
2.1361,0,0.9,2,1,1,2
0.89058,0,0.2,2,1,1,2
0.53038,0,0.2,2,1,1,2
1.1218,0,0.2,2,1,1,2
0.5433,0,0.2,2,1,1,2
1.3967,0,0.2,2,1,1,2
1.0191,0,0.2,2,1,1,2
0.19687,0,0.2,2,1,1,2
1.1556,0,0.2,2,1,1,2
0.55344,0,0.2,2,1,1,2
1.5885,0,0.2,2,1,1,2
1.5328,0,0.2,2,1,1,2
0.49314,0,0.2,2,1,1,2
2.988,0,0.2,2,1,1,2
0.69228,0,0.2,2,1,1,2
1.606,0,0.2,2,1,1,2
0.63996,0,0.2,2,1,1,2
1.6867,0,0.2,2,1,1,2
0.96929,0,0.2,2,1,1,2
0.74496,0,0.2,2,1,1,2
2.4091,0,0.2,2,1,1,2
0.58198,0,0.2,2,1,1,2
0.3287,0,0.2,2,1,1,2
0.29059,0,0.2,2,1,1,2
0.19104,0,0.2,2,1,1,2
-0.32458,0,0.2,2,1,1,2
0.40391,0,0.2,2,1,1,2
2.1269,0,0.2,2,1,1,2
0.74922,0,0.2,2,1,1,2
2.8586,0,0.2,2,1,1,2
0.82883,0,0.2,2,1,1,2
1.6559,0,0.2,2,1,1,2
0.4074,0,0.2,2,1,1,2
2.1021,0,0.2,2,1,1,2
0.76099,0,0.2,2,1,1,2
1.9688,0,0.2,2,1,1,2
1.6486,0,0.2,2,1,1,2
0.86426,0,0.2,2,1,1,2
1.6266,0,0.3,2,1,1,2
1.3707,0,0.3,2,1,1,2
2.6341,0,0.3,2,1,1,2
1.1992,0,0.3,2,1,1,2
2.338,0,0.3,2,1,1,2
1.8903,0,0.3,2,1,1,2
0.52193,0,0.3,2,1,1,2
2.382,0,0.3,2,1,1,2
1.1102,0,0.3,2,1,1,2
3.1419,0,0.3,2,1,1,2
2.9024,0,0.3,2,1,1,2
1.0632,0,0.3,2,1,1,2
4.973,0,0.3,2,1,1,2
1.6467,0,0.3,2,1,1,2
2.9563,0,0.3,2,1,1,2
0.87162,0,0.3,2,1,1,2
3.127,0,0.3,2,1,1,2
1.4371,0,0.3,2,1,1,2
1.7466,0,0.3,2,1,1,2
5.2604,0,0.3,2,1,1,2
1.7148,0,0.3,2,1,1,2
1.7507,0,0.3,2,1,1,2
0.27886,0,0.3,2,1,1,2
0.3059,0,0.3,2,1,1,2
0.1541,0,0.3,2,1,1,2
0.26261,0,0.3,2,1,1,2
3.4742,0,0.3,2,1,1,2
1.0807,0,0.3,2,1,1,2
4.5987,0,0.3,2,1,1,2
0.82917,0,0.3,2,1,1,2
3.1651,0,0.3,2,1,1,2
1.121,0,0.3,2,1,1,2
3.8212,0,0.3,2,1,1,2
1.2361,0,0.3,2,1,1,2
3.7153,0,0.3,2,1,1,2
3.2822,0,0.3,2,1,1,2
1.7465,0,0.3,2,1,1,2
1.6918,0,0.4,2,1,1,2
1.144,0,0.4,2,1,1,2
2.5424,0,0.4,2,1,1,2
1.117,0,0.4,2,1,1,2
2.5601,0,0.4,2,1,1,2
2.0283,0,0.4,2,1,1,2
0.72255,0,0.4,2,1,1,2
2.4481,0,0.4,2,1,1,2
1.2705,0,0.4,2,1,1,2
3.054,0,0.4,2,1,1,2
2.7094,0,0.4,2,1,1,2
1.2281,0,0.4,2,1,1,2
5.0112,0,0.4,2,1,1,2
1.7328,0,0.4,2,1,1,2
3.0111,0,0.4,2,1,1,2
1.084,0,0.4,2,1,1,2
3.2451,0,0.4,2,1,1,2
1.7343,0,0.4,2,1,1,2
1.872,0,0.4,2,1,1,2
5.0967,0,0.4,2,1,1,2
1.2734,0,0.4,2,1,1,2
1.4211,0,0.4,2,1,1,2
0.42636,0,0.4,2,1,1,2
0.16862,0,0.4,2,1,1,2
0.081757,0,0.4,2,1,1,2
0.64868,0,0.4,2,1,1,2
3.7111,0,0.4,2,1,1,2
1.3884,0,0.4,2,1,1,2
4.7748,0,0.4,2,1,1,2
1.4093,0,0.4,2,1,1,2
3.2045,0,0.4,2,1,1,2
1.1371,0,0.4,2,1,1,2
3.5158,0,0.4,2,1,1,2
1.1477,0,0.4,2,1,1,2
3.4554,0,0.4,2,1,1,2
2.9169,0,0.4,2,1,1,2
1.7796,0,0.4,2,1,1,2
1.376,0,0.5,2,1,1,2
0.84837,0,0.5,2,1,1,2
1.7565,0,0.5,2,1,1,2
0.53843,0,0.5,2,1,1,2
2.1397,0,0.5,2,1,1,2
1.5051,0,0.5,2,1,1,2
0.20548,0,0.5,2,1,1,2
1.7979,0,0.5,2,1,1,2
0.66764,0,0.5,2,1,1,2
2.858,0,0.5,2,1,1,2
2.1564,0,0.5,2,1,1,2
0.63293,0,0.5,2,1,1,2
4.8057,0,0.5,2,1,1,2
0.9655,0,0.5,2,1,1,2
2.2666,0,0.5,2,1,1,2
0.41512,0,0.5,2,1,1,2
2.9215,0,0.5,2,1,1,2
1.3977,0,0.5,2,1,1,2
1.4975,0,0.5,2,1,1,2
4.8438,0,0.5,2,1,1,2
1.1729,0,0.5,2,1,1,2
1.4629,0,0.5,2,1,1,2
0.12435,0,0.5,2,1,1,2
-0.07994,0,0.5,2,1,1,2
-0.1329,0,0.5,2,1,1,2
0.32623,0,0.5,2,1,1,2
3.2577,0,0.5,2,1,1,2
0.72955,0,0.5,2,1,1,2
4.7641,0,0.5,2,1,1,2
0.98162,0,0.5,2,1,1,2
2.9325,0,0.5,2,1,1,2
0.77804,0,0.5,2,1,1,2
3.9801,0,0.5,2,1,1,2
0.84494,0,0.5,2,1,1,2
3.718,0,0.5,2,1,1,2
3.4088,0,0.5,2,1,1,2
2.0242,0,0.5,2,1,1,2
1.4857,0,1,2,1,1,2
0.92669,0,1,2,1,1,2
2.7125,0,1,2,1,1,2
0.67269,0,1,2,1,1,2
2.5736,0,1,2,1,1,2
2.487,0,1,2,1,1,2
0.56099,0,1,2,1,1,2
2.3795,0,1,2,1,1,2
1.1059,0,1,2,1,1,2
3.2093,0,1,2,1,1,2
3.1995,0,1,2,1,1,2
1.1198,0,1,2,1,1,2
5.9485,0,1,2,1,1,2
1.4102,0,1,2,1,1,2
3.3868,0,1,2,1,1,2
0.99788,0,1,2,1,1,2
3.6624,0,1,2,1,1,2
1.998,0,1,2,1,1,2
2.2823,0,1,2,1,1,2
5.7667,0,1,2,1,1,2
1.3635,0,1,2,1,1,2
1.1973,0,1,2,1,1,2
-0.039859,0,1,2,1,1,2
0.19,0,1,2,1,1,2
-0.36231,0,1,2,1,1,2
0.79067,0,1,2,1,1,2
4.5142,0,1,2,1,1,2
1.1407,0,1,2,1,1,2
6.3108,0,1,2,1,1,2
1.2522,0,1,2,1,1,2
3.6993,0,1,2,1,1,2
0.96846,0,1,2,1,1,2
4.38,0,1,2,1,1,2
1.3213,0,1,2,1,1,2
4.8264,0,1,2,1,1,2
3.6625,0,1,2,1,1,2
2.2828,0,1,2,1,1,2
1.6917,0,0.2,1,1,1,2
1.0361,0,0.2,1,1,1,2
1.9884,0,0.2,1,1,1,2
0.88693,0,0.2,1,1,1,2
2.3623,0,0.2,1,1,1,2
1.8082,0,0.2,1,1,1,2
0.59156,0,0.2,1,1,1,2
1.963,0,0.2,1,1,1,2
0.83787,0,0.2,1,1,1,2
2.7602,0,0.2,1,1,1,2
2.468,0,0.2,1,1,1,2
0.9172,0,0.2,1,1,1,2
4.2379,0,0.2,1,1,1,2
1.6345,0,0.2,1,1,1,2
2.7143,0,0.2,1,1,1,2
0.59208,0,0.2,1,1,1,2
3.2508,0,0.2,1,1,1,2
1.002,0,0.2,1,1,1,2
1.8061,0,0.2,1,1,1,2
4.7585,0,0.2,1,1,1,2
1.5134,0,0.2,1,1,1,2
1.4635,0,0.2,1,1,1,2
0.42412,0,0.2,1,1,1,2
0.38788,0,0.2,1,1,1,2
0.18215,0,0.2,1,1,1,2
0.37144,0,0.2,1,1,1,2
2.9996,0,0.2,1,1,1,2
0.4838,0,0.2,1,1,1,2
4.0797,0,0.2,1,1,1,2
1.0252,0,0.2,1,1,1,2
2.7838,0,0.2,1,1,1,2
0.98607,0,0.2,1,1,1,2
3.2278,0,0.2,1,1,1,2
0.77203,0,0.2,1,1,1,2
2.7367,0,0.2,1,1,1,2
2.5867,0,0.2,1,1,1,2
1.6088,0,0.2,1,1,1,2
1.6815,0,0.3,1,1,1,2
1.0774,0,0.3,1,1,1,2
2.7794,0,0.3,1,1,1,2
1.2459,0,0.3,1,1,1,2
2.6,0,0.3,1,1,1,2
2.0856,0,0.3,1,1,1,2
1.2004,0,0.3,1,1,1,2
2.1877,0,0.3,1,1,1,2
0.78867,0,0.3,1,1,1,2
3.512,0,0.3,1,1,1,2
3.0433,0,0.3,1,1,1,2
1.2117,0,0.3,1,1,1,2
5.4883,0,0.3,1,1,1,2
2.6218,0,0.3,1,1,1,2
2.5632,0,0.3,1,1,1,2
0.87921,0,0.3,1,1,1,2
4.305,0,0.3,1,1,1,2
1.5925,0,0.3,1,1,1,2
2.2345,0,0.3,1,1,1,2
5.7403,0,0.3,1,1,1,2
2.0426,0,0.3,1,1,1,2
1.9174,0,0.3,1,1,1,2
0.73766,0,0.3,1,1,1,2
0.27076,0,0.3,1,1,1,2
0.45094,0,0.3,1,1,1,2
0.45094,0,0.3,1,1,1,2
3.0903,0,0.3,1,1,1,2
0.4938,0,0.3,1,1,1,2
4.9561,0,0.3,1,1,1,2
1.3053,0,0.3,1,1,1,2
3.2685,0,0.3,1,1,1,2
1.5161,0,0.3,1,1,1,2
4.1599,0,0.3,1,1,1,2
0.93147,0,0.3,1,1,1,2
3.2817,0,0.3,1,1,1,2
3.4751,0,0.3,1,1,1,2
2.1488,0,0.3,1,1,1,2
1.9446,0,0.4,1,1,1,2
0.97901,0,0.4,1,1,1,2
2.2776,0,0.4,1,1,1,2
1.0084,0,0.4,1,1,1,2
2.492,0,0.4,1,1,1,2
1.6588,0,0.4,1,1,1,2
0.69104,0,0.4,1,1,1,2
2.4105,0,0.4,1,1,1,2
0.92095,0,0.4,1,1,1,2
3.1388,0,0.4,1,1,1,2
2.7602,0,0.4,1,1,1,2
1.1829,0,0.4,1,1,1,2
5.5657,0,0.4,1,1,1,2
1.9863,0,0.4,1,1,1,2
2.8081,0,0.4,1,1,1,2
0.76707,0,0.4,1,1,1,2
4.0158,0,0.4,1,1,1,2
1.3845,0,0.4,1,1,1,2
2.2712,0,0.4,1,1,1,2
6.0073,0,0.4,1,1,1,2
2.1058,0,0.4,1,1,1,2
1.8958,0,0.4,1,1,1,2
0.46178,0,0.4,1,1,1,2
0.35934,0,0.4,1,1,1,2
-0.10933,0,0.4,1,1,1,2
0.31336,0,0.4,1,1,1,2
3.5936,0,0.4,1,1,1,2
0.54855,0,0.4,1,1,1,2
5.1697,0,0.4,1,1,1,2
1.1812,0,0.4,1,1,1,2
3.4181,0,0.4,1,1,1,2
1.2752,0,0.4,1,1,1,2
4.6998,0,0.4,1,1,1,2
1.0406,0,0.4,1,1,1,2
3.7036,0,0.4,1,1,1,2
3.7895,0,0.4,1,1,1,2
2.2429,0,0.4,1,1,1,2
2.355,0,0.5,1,1,1,2
1.3972,0,0.5,1,1,1,2
2.691,0,0.5,1,1,1,2
1.2605,0,0.5,1,1,1,2
3.073,0,0.5,1,1,1,2
2.1126,0,0.5,1,1,1,2
0.86861,0,0.5,1,1,1,2
2.6456,0,0.5,1,1,1,2
1.223,0,0.5,1,1,1,2
3.5185,0,0.5,1,1,1,2
3.1804,0,0.5,1,1,1,2
1.2606,0,0.5,1,1,1,2
5.0329,0,0.5,1,1,1,2
1.7776,0,0.5,1,1,1,2
3.5585,0,0.5,1,1,1,2
0.67532,0,0.5,1,1,1,2
4.4173,0,0.5,1,1,1,2
1.3444,0,0.5,1,1,1,2
2.4315,0,0.5,1,1,1,2
5.8782,0,0.5,1,1,1,2
1.5833,0,0.5,1,1,1,2
1.7255,0,0.5,1,1,1,2
0.42943,0,0.5,1,1,1,2
0.31923,0,0.5,1,1,1,2
0.103,0,0.5,1,1,1,2
0.6966,0,0.5,1,1,1,2
4.1524,0,0.5,1,1,1,2
1.1358,0,0.5,1,1,1,2
5.4397,0,0.5,1,1,1,2
1.0024,0,0.5,1,1,1,2
3.2786,0,0.5,1,1,1,2
1.3636,0,0.5,1,1,1,2
4.2746,0,0.5,1,1,1,2
1.3602,0,0.5,1,1,1,2
3.8347,0,0.5,1,1,1,2
3.6688,0,0.5,1,1,1,2
2.029,0,0.5,1,1,1,2
1.7262,0,1,1,1,1,2
1.4291,0,1,1,1,1,2
2.4658,0,1,1,1,1,2
1.0555,0,1,1,1,1,2
2.4217,0,1,1,1,1,2
1.7755,0,1,1,1,1,2
0.21128,0,1,1,1,1,2
3.1569,0,1,1,1,1,2
1.3831,0,1,1,1,1,2
2.1228,0,1,1,1,1,2
2.257,0,1,1,1,1,2
0.87889,0,1,1,1,1,2
4.2467,0,1,1,1,1,2
1.27,0,1,1,1,1,2
3.1976,0,1,1,1,1,2
0.63175,0,1,1,1,1,2
3.2648,0,1,1,1,1,2
1.1997,0,1,1,1,1,2
1.7803,0,1,1,1,1,2
5.0718,0,1,1,1,1,2
1.7361,0,1,1,1,1,2
1.6481,0,1,1,1,1,2
0.05378,0,1,1,1,1,2
0.29446,0,1,1,1,1,2
-0.11838,0,1,1,1,1,2
0.64104,0,1,1,1,1,2
3.652,0,1,1,1,1,2
1.2547,0,1,1,1,1,2
4.4045,0,1,1,1,1,2
1.0764,0,1,1,1,1,2
3.1134,0,1,1,1,1,2
1.3189,0,1,1,1,1,2
3.9721,0,1,1,1,1,2
1.3293,0,1,1,1,1,2
3.2729,0,1,1,1,1,2
2.4414,0,1,1,1,1,2
1.6498,0,1,1,1,1,2
1.6184,0,0.6,1,1,2,2
0.85003,0,0.6,1,1,2,2
0.48941,0,0.6,1,1,2,2
1.9526,0,0.6,1,1,2,2
1.2566,0,0.6,1,1,2,2
0.70947,0,0.6,1,1,2,2
2.8669,0,0.6,1,1,2,2
1.2348,0,0.6,1,1,2,2
1.4635,0,0.6,1,1,2,2
1.0747,0,0.6,1,1,2,2
3.4379,0,0.6,1,1,2,2
0.74276,0,0.6,1,1,2,2
0.1958,0,0.6,1,1,2,2
1.5497,0,0.6,2,1,2,2
1.1202,0,0.6,2,1,2,2
0.59965,0,0.6,2,1,2,2
1.8329,0,0.6,2,1,2,2
1.287,0,0.6,2,1,2,2
0.68222,0,0.6,2,1,2,2
2.8596,0,0.6,2,1,2,2
1.3927,0,0.6,2,1,2,2
1.376,0,0.6,2,1,2,2
0.82328,0,0.6,2,1,2,2
3.2252,0,0.6,2,1,2,2
0.97404,0,0.6,2,1,2,2
0.55116,0,0.6,2,1,2,2
1.4248,0,0.7,1,1,2,2
0.90493,0,0.7,1,1,2,2
0.544,0,0.7,1,1,2,2
1.822,0,0.7,1,1,2,2
1.1505,0,0.7,1,1,2,2
0.40381,0,0.7,1,1,2,2
3.0153,0,0.7,1,1,2,2
1.4077,0,0.7,1,1,2,2
1.708,0,0.7,1,1,2,2
1.1227,0,0.7,1,1,2,2
3.4907,0,0.7,1,1,2,2
0.71896,0,0.7,1,1,2,2
0.40343,0,0.7,1,1,2,2
1.4291,0,0.7,2,1,2,2
0.74738,0,0.7,2,1,2,2
0.4661,0,0.7,2,1,2,2
2.2108,0,0.7,2,1,2,2
1.4604,0,0.7,2,1,2,2
0.81327,0,0.7,2,1,2,2
3.5736,0,0.7,2,1,2,2
1.7176,0,0.7,2,1,2,2
1.7979,0,0.7,2,1,2,2
1.0248,0,0.7,2,1,2,2
3.4787,0,0.7,2,1,2,2
1.186,0,0.7,2,1,2,2
0.90676,0,0.7,2,1,2,2
1.5112,0,0.8,1,1,2,2
0.93552,0,0.8,1,1,2,2
0.5086,0,0.8,1,1,2,2
2.0026,0,0.8,1,1,2,2
1.1431,0,0.8,1,1,2,2
0.52033,0,0.8,1,1,2,2
2.9095,0,0.8,1,1,2,2
1.4247,0,0.8,1,1,2,2
1.4312,0,0.8,1,1,2,2
0.95902,0,0.8,1,1,2,2
3.6494,0,0.8,1,1,2,2
0.94315,0,0.8,1,1,2,2
0.51712,0,0.8,1,1,2,2
1.6966,0,0.8,2,1,2,2
1.1712,0,0.8,2,1,2,2
0.38846,0,0.8,2,1,2,2
2.186,0,0.8,2,1,2,2
1.0846,0,0.8,2,1,2,2
0.70521,0,0.8,2,1,2,2
3.2767,0,0.8,2,1,2,2
1.5197,0,0.8,2,1,2,2
1.4464,0,0.8,2,1,2,2
1.1405,0,0.8,2,1,2,2
3.7201,0,0.8,2,1,2,2
1.0362,0,0.8,2,1,2,2
0.45924,0,0.8,2,1,2,2
1.5159,0,0.9,1,1,2,2
1.0432,0,0.9,1,1,2,2
0.87398,0,0.9,1,1,2,2
1.9096,0,0.9,1,1,2,2
1.472,0,0.9,1,1,2,2
0.69685,0,0.9,1,1,2,2
2.8878,0,0.9,1,1,2,2
1.313,0,0.9,1,1,2,2
1.5086,0,0.9,1,1,2,2
0.97029,0,0.9,1,1,2,2
3.4464,0,0.9,1,1,2,2
0.88755,0,0.9,1,1,2,2
0.28873,0,0.9,1,1,2,2
1.4691,0,0.9,2,1,2,2
0.82836,0,0.9,2,1,2,2
0.5657,0,0.9,2,1,2,2
1.8342,0,0.9,2,1,2,2
1.2787,0,0.9,2,1,2,2
0.32986,0,0.9,2,1,2,2
3.0326,0,0.9,2,1,2,2
1.369,0,0.9,2,1,2,2
1.2602,0,0.9,2,1,2,2
0.75624,0,0.9,2,1,2,2
3.5603,0,0.9,2,1,2,2
1.2053,0,0.9,2,1,2,2
0.86413,0,0.9,2,1,2,2
1.2595,0,0.2,2,1,2,2
0.44619,0,0.2,2,1,2,2
0.13518,0,0.2,2,1,2,2
1.2208,0,0.2,2,1,2,2
1.1206,0,0.2,2,1,2,2
0.4756,0,0.2,2,1,2,2
2.147,0,0.2,2,1,2,2
1.233,0,0.2,2,1,2,2
1.0481,0,0.2,2,1,2,2
0.595,0,0.2,2,1,2,2
2.4108,0,0.2,2,1,2,2
0.90288,0,0.2,2,1,2,2
0.87195,0,0.2,2,1,2,2
1.5043,0,0.3,2,1,2,2
0.73642,0,0.3,2,1,2,2
0.46369,0,0.3,2,1,2,2
1.8437,0,0.3,2,1,2,2
1.2951,0,0.3,2,1,2,2
0.7408,0,0.3,2,1,2,2
2.9299,0,0.3,2,1,2,2
1.2311,0,0.3,2,1,2,2
1.1096,0,0.3,2,1,2,2
0.55004,0,0.3,2,1,2,2
3.1052,0,0.3,2,1,2,2
1.1945,0,0.3,2,1,2,2
0.80812,0,0.3,2,1,2,2
1.7212,0,0.4,2,1,2,2
0.97911,0,0.4,2,1,2,2
0.38937,0,0.4,2,1,2,2
2.0837,0,0.4,2,1,2,2
1.3409,0,0.4,2,1,2,2
0.92379,0,0.4,2,1,2,2
2.626,0,0.4,2,1,2,2
1.5497,0,0.4,2,1,2,2
1.3501,0,0.4,2,1,2,2
1.0508,0,0.4,2,1,2,2
2.4655,0,0.4,2,1,2,2
0.89912,0,0.4,2,1,2,2
0.52175,0,0.4,2,1,2,2
1.3482,0,0.5,2,1,2,2
0.8745,0,0.5,2,1,2,2
0.47582,0,0.5,2,1,2,2
1.7685,0,0.5,2,1,2,2
1.2928,0,0.5,2,1,2,2
0.6571,0,0.5,2,1,2,2
2.8822,0,0.5,2,1,2,2
1.4316,0,0.5,2,1,2,2
1.3938,0,0.5,2,1,2,2
0.8134,0,0.5,2,1,2,2
2.7165,0,0.5,2,1,2,2
0.87629,0,0.5,2,1,2,2
0.58239,0,0.5,2,1,2,2
1.2949,0,1,2,1,2,2
0.79257,0,1,2,1,2,2
0.46782,0,1,2,1,2,2
1.5452,0,1,2,1,2,2
0.98363,0,1,2,1,2,2
0.56519,0,1,2,1,2,2
2.3982,0,1,2,1,2,2
1.2412,0,1,2,1,2,2
1.1522,0,1,2,1,2,2
0.70092,0,1,2,1,2,2
2.429,0,1,2,1,2,2
1.1565,0,1,2,1,2,2
0.98883,0,1,2,1,2,2
1.5741,0,0.2,1,1,2,2
0.86832,0,0.2,1,1,2,2
0.56524,0,0.2,1,1,2,2
1.9273,0,0.2,1,1,2,2
1.1861,0,0.2,1,1,2,2
0.70529,0,0.2,1,1,2,2
3.056,0,0.2,1,1,2,2
1.4811,0,0.2,1,1,2,2
1.573,0,0.2,1,1,2,2
1.0441,0,0.2,1,1,2,2
3.4261,0,0.2,1,1,2,2
0.85778,0,0.2,1,1,2,2
0.39882,0,0.2,1,1,2,2
1.5993,0,0.3,1,1,2,2
1.2015,0,0.3,1,1,2,2
0.65436,0,0.3,1,1,2,2
1.6916,0,0.3,1,1,2,2
0.91932,0,0.3,1,1,2,2
0.99062,0,0.3,1,1,2,2
2.7223,0,0.3,1,1,2,2
1.165,0,0.3,1,1,2,2
1.4642,0,0.3,1,1,2,2
0.78427,0,0.3,1,1,2,2
3.623,0,0.3,1,1,2,2
0.80571,0,0.3,1,1,2,2
0.59027,0,0.3,1,1,2,2
1.3064,0,0.4,1,1,2,2
0.81012,0,0.4,1,1,2,2
0.52309,0,0.4,1,1,2,2
1.6223,0,0.4,1,1,2,2
0.97097,0,0.4,1,1,2,2
0.78819,0,0.4,1,1,2,2
2.5752,0,0.4,1,1,2,2
1.2046,0,0.4,1,1,2,2
1.3819,0,0.4,1,1,2,2
0.90652,0,0.4,1,1,2,2
2.9388,0,0.4,1,1,2,2
0.67258,0,0.4,1,1,2,2
0.41126,0,0.4,1,1,2,2
1.7533,0,0.5,1,1,2,2
0.70783,0,0.5,1,1,2,2
0.17205,0,0.5,1,1,2,2
2.1736,0,0.5,1,1,2,2
1.0813,0,0.5,1,1,2,2
0.66689,0,0.5,1,1,2,2
3.4153,0,0.5,1,1,2,2
1.664,0,0.5,1,1,2,2
1.6884,0,0.5,1,1,2,2
1.0738,0,0.5,1,1,2,2
4.0427,0,0.5,1,1,2,2
0.96833,0,0.5,1,1,2,2
0.40742,0,0.5,1,1,2,2
1.4318,0,1,1,1,2,2
0.72442,0,1,1,1,2,2
0.31111,0,1,1,1,2,2
1.5235,0,1,1,1,2,2
1.2324,0,1,1,1,2,2
0.47001,0,1,1,1,2,2
2.188,0,1,1,1,2,2
1.0173,0,1,1,1,2,2
1.2541,0,1,1,1,2,2
0.79141,0,1,1,1,2,2
2.1442,0,1,1,1,2,2
0.71442,0,1,1,1,2,2
0.19806,0,1,1,1,2,2
